quarter,flash,lean17,lean17_emp,lean16_noiptot,best20
2024Q1,0.6683729987553733,0.07958801462879939,0.11128147335255434,0.1477965749223395,0.0714350959104951
2024Q2,0.40656492796173893,0.36670227686066603,0.36608954581689135,0.3618949361879743,0.3754645148620799
2024Q3,0.2966365021926265,0.5119173671713673,0.47956368029331176,0.4874167936292116,0.5287104080362401
2024Q4,0.4979516008571494,0.33254086724260556,0.39527114171281974,0.3720384357833483,0.3286208760015838
2025Q1,0.1893760781737086,0.3371081460534816,0.3661554526633869,0.39163189033028534,0.3345736683240519
2025Q2,0.1067063153548986,0.2797201791566532,0.38854652236665665,0.3478418894436133,0.2580987480099283
2025Q3,0.2526746172367922,0.35369123792509227,0.4410355246817479,0.38167201684232377,0.3455271659148067
2025Q4,0.25690348900084814,0.2018413736592256,0.3791577225812267,0.2817040449916934,0.1815078283326338
2026Q1,0.20365381131632887,0.35673538409736494,0.48403059499646567,0.39021206545545595,0.3477876842679751
